[{"model": "admin.logentry", "pk": 1, "fields": {"action_time": "2022-09-25T01:21:54.417Z", "user": 1, "content_type": 14, "object_id": "33", "object_repr": "Minna", "action_flag": 1, "change_message": "[{\"added\": {}}]"}}, {"model": "admin.logentry", "pk": 2, "fields": {"action_time": "2022-09-25T01:22:45.567Z", "user": 1, "content_type": 14, "object_id": "33", "object_repr": "Minna", "action_flag": 2, "change_message": "[{\"changed\": {\"fields\": [\"Image\"]}}]"}}, {"model": "admin.logentry", "pk": 3, "fields": {"action_time": "2022-09-25T12:02:53.141Z", "user": 1, "content_type": 14, "object_id": "34", "object_repr": "Wisam", "action_flag": 1, "change_message": "[{\"added\": {}}]"}}, {"model": "admin.logentry", "pk": 4, "fields": {"action_time": "2022-09-25T12:19:25.531Z", "user": 1, "content_type": 14, "object_id": "34", "object_repr": "Wisam", "action_flag": 3, "change_message": ""}}, {"model": "admin.logentry", "pk": 5, "fields": {"action_time": "2022-09-25T18:31:57.450Z", "user": 1, "content_type": 14, "object_id": "33", "object_repr": "Minna", "action_flag": 2, "change_message": "[{\"changed\": {\"fields\": [\"Audio\"]}}]"}}, {"model": "admin.logentry", "pk": 6, "fields": {"action_time": "2022-09-25T18:34:12.971Z", "user": 1, "content_type": 14, "object_id": "2", "object_repr": "Purple-banded sunbird", "action_flag": 2, "change_message": "[{\"changed\": {\"fields\": [\"Audio\"]}}]"}}, {"model": "admin.logentry", "pk": 7, "fields": {"action_time": "2022-09-25T19:16:21.403Z", "user": 1, "content_type": 14, "object_id": "2", "object_repr": "Overgrown Eden", "action_flag": 2, "change_message": "[{\"changed\": {\"fields\": [\"Audio\"]}}]"}}, {"model": "admin.logentry", "pk": 8, "fields": {"action_time": "2022-09-25T19:17:16.230Z", "user": 1, "content_type": 14, "object_id": "1", "object_repr": "Little Leeches", "action_flag": 2, "change_message": "[{\"changed\": {\"fields\": [\"Description\", \"Audio\"]}}]"}}, {"model": "admin.logentry", "pk": 9, "fields": {"action_time": "2022-09-25T19:18:30.526Z", "user": 1, "content_type": 14, "object_id": "32", "object_repr": "Take Over Crest", "action_flag": 2, "change_message": "[{\"changed\": {\"fields\": [\"Audio\"]}}]"}}, {"model": "admin.logentry", "pk": 10, "fields": {"action_time": "2022-09-25T19:18:42.153Z", "user": 1, "content_type": 14, "object_id": "31", "object_repr": "Drowning Sinking", "action_flag": 2, "change_message": "[{\"changed\": {\"fields\": [\"Description\", \"Audio\"]}}]"}}, {"model": "admin.logentry", "pk": 11, "fields": {"action_time": "2022-09-25T19:42:21.093Z", "user": 1, "content_type": 14, "object_id": "34", "object_repr": "cwaf", "action_flag": 1, "change_message": "[{\"added\": {}}]"}}, {"model": "admin.logentry", "pk": 12, "fields": {"action_time": "2022-09-25T19:52:58.650Z", "user": 1, "content_type": 14, "object_id": "34", "object_repr": "cwaf", "action_flag": 3, "change_message": ""}}, {"model": "admin.logentry", "pk": 13, "fields": {"action_time": "2022-09-25T20:04:18.386Z", "user": 1, "content_type": 14, "object_id": "35", "object_repr": "ghh", "action_flag": 1, "change_message": "[{\"added\": {}}]"}}, {"model": "admin.logentry", "pk": 14, "fields": {"action_time": "2022-09-25T20:28:50.916Z", "user": 1, "content_type": 14, "object_id": "35", "object_repr": "ghh", "action_flag": 3, "change_message": ""}}, {"model": "admin.logentry", "pk": 15, "fields": {"action_time": "2022-09-26T20:04:46.393Z", "user": 1, "content_type": 13, "object_id": "9", "object_repr": "Wisam", "action_flag": 1, "change_message": "[{\"added\": {}}]"}}, {"model": "admin.logentry", "pk": 16, "fields": {"action_time": "2022-09-26T20:07:24.511Z", "user": 1, "content_type": 14, "object_id": "36", "object_repr": "Wisam Altaqaly", "action_flag": 1, "change_message": "[{\"added\": {}}]"}}, {"model": "admin.logentry", "pk": 17, "fields": {"action_time": "2022-09-26T20:09:13.472Z", "user": 1, "content_type": 14, "object_id": "36", "object_repr": "Wisam Altaqaly", "action_flag": 3, "change_message": ""}}, {"model": "admin.logentry", "pk": 18, "fields": {"action_time": "2022-09-26T20:09:37.544Z", "user": 1, "content_type": 15, "object_id": "9", "object_repr": "Wisam", "action_flag": 1, "change_message": "[{\"added\": {}}]"}}, {"model": "admin.logentry", "pk": 19, "fields": {"action_time": "2022-09-26T20:15:16.761Z", "user": 1, "content_type": 14, "object_id": "37", "object_repr": "Wisam Altaqaly", "action_flag": 1, "change_message": "[{\"added\": {}}]"}}, {"model": "admin.logentry", "pk": 20, "fields": {"action_time": "2022-09-26T21:13:19.889Z", "user": 1, "content_type": 14, "object_id": "38", "object_repr": "Anna", "action_flag": 1, "change_message": "[{\"added\": {}}]"}}, {"model": "auth.user", "pk": 1, "fields": {"password": "pbkdf2_sha256$260000$JUuvEGDOkN6OmvkGV5SSeX$7nEp1OzuVWL3vfaK/laYjRDTLESMeqJ5JLWv6IUBSoE=", "last_login": "2022-09-24T23:30:50.946Z", "is_superuser": true, "username": "Wisam", "first_name": "", "last_name": "", "email": "wisamtaqaly@gmail.com", "is_staff": true, "is_active": true, "date_joined": "2022-09-24T23:00:24.604Z", "groups": [], "user_permissions": []}}, {"model": "sessions.session", "pk": "7ecy16i3hxshj52yd9g7rsi98jvk32vg", "fields": {"session_data": ".eJxVjDEOgzAQBP9ydWTZh7Edl-nzBnQH55gQgYShQvw9INFQ7s7sbsBUBlkgboAQzf6AhtYlN2uRuek7iGDg1jG1g4wn6L40fibVTuMy96xORV20qPfUye91ubeDTCUf6xqTJhIffEBbYUrCXoQrY9FgbZM4Q-yY7RF0CN5hLWJd9dRenNcB9j9kYzwW:1ocEbi:NWgk38HjQizdnXQWhk1wFWLWR8kEF7Bpf-z6Dwki1Mg", "expire_date": "2022-10-08T23:30:50.948Z"}}, {"model": "sessions.session", "pk": "c1ot12kqc6bd7ollxwxhf6ubmamxmw81", "fields": {"session_data": "eyJiYXNrZXQiOnsiNCI6MiwiMSI6MSwiMiI6Nn19:1oaNBs:Cc3orENs9jdel9O_WLjYZOldoyXuNvMxb-IY77MG42I", "expire_date": "2022-10-03T20:16:28.126Z"}}, {"model": "sites.site", "pk": 1, "fields": {"domain": "example.com", "name": "example.com"}}, {"model": "store.category", "pk": 1, "fields": {"name": "album", "friendly_name": "Album Art"}}, {"model": "store.category", "pk": 2, "fields": {"name": "branding", "friendly_name": "Branding"}}, {"model": "store.category", "pk": 3, "fields": {"name": "logo", "friendly_name": "Logo"}}, {"model": "store.category", "pk": 4, "fields": {"name": "personal", "friendly_name": "Personal"}}, {"model": "store.category", "pk": 5, "fields": {"name": "stickers/pins", "friendly_name": "Stickers & Pins"}}, {"model": "store.category", "pk": 6, "fields": {"name": "tee", "friendly_name": "T-Shirts"}}, {"model": "store.category", "pk": 7, "fields": {"name": "video", "friendly_name": "Video"}}, {"model": "store.category", "pk": 8, "fields": {"name": "web", "friendly_name": "Web Concepts"}}, {"model": "store.category", "pk": 9, "fields": {"name": "Wisam", "friendly_name": "Clothes for Gentles"}}, {"model": "store.product", "pk": 1, "fields": {"category": 1, "name": "Little Leeches", "client": "Sunburned Bliss", "description": "Single artwork ", "price": "9.99", "tools": "illustrator, Photoshop", "is_sold": true, "sale_type": "card", "image": "My project (14).jpg", "audio": "Inspelning_4_b0muoie.m4a"}}, {"model": "store.product", "pk": 2, "fields": {"category": 1, "name": "Purple-banded sunbird", "client": "InMe", "description": "Male is iridescent green above, with a dark belly and maroon and bluish bands across the breast. Female is nondescript, with faint streaking across the pale yellow underparts. Found in forest, woodland, scrub, and savanna. Generally and less common than other sunbird species. Vocalizations are high-pitched trills and jumbles. Very similar to Mariqua Sunbird but distinguished by slightly smaller size and shorter bill with a thinner base. Also very similar to Tsavo and Violet-breasted sunbirds, but male has a broader maroon breast band smaller than the former, and both sexes slightly and shorter-billed than the latter.", "price": "9.99", "tools": "Pen, Ink, Photoshop", "is_sold": true, "sale_type": "card", "image": "My project (13).jpg", "audio": "Inspelning_4_b0muoie.m4a"}}, {"model": "store.product", "pk": 3, "fields": {"category": 1, "name": "Living A Life Without The F", "client": "Dave McPherson", "description": "Artwork and layout design for Dave McPherson’s ‘Living A Life Without The F’", "price": "9.99", "tools": "Pen, Ink, Photoshop", "is_sold": true, "sale_type": "card", "image": "My project (12).jpg", "audio": "Inspelning_4.m4a"}}, {"model": "store.product", "pk": 4, "fields": {"category": 1, "name": "Trilogy: Dawn", "client": "InMe", "description": "Artwork and layout design for part one of InMe’s Trilogy, ‘Dawn’", "price": "29.99", "tools": "Pen, Ink, Photoshop", "is_sold": true, "sale_type": "T-Shirt", "image": "My project (11).jpg", "audio": ""}}, {"model": "store.product", "pk": 5, "fields": {"category": 1, "name": "Journey Of A Journey Bouy", "client": "Dave McPherson", "description": "Artwork and layout design for Dave McPherson’s 3rd album, Journal of a Journey Buoy", "price": "23.99", "tools": "Pen, Ink, Photoshop", "is_sold": true, "sale_type": "T-shirt", "image": "My project (10).jpg", "audio": ""}}, {"model": "store.product", "pk": 6, "fields": {"category": 1, "name": "Defender", "client": "Acoda", "description": "Artwork and layout design for Acoda.", "price": "0.00", "tools": "Pen, Ink, Photoshop", "is_sold": false, "sale_type": "card", "image": "defender.jpg", "audio": ""}}, {"model": "store.product", "pk": 7, "fields": {"category": 1, "name": "Dreamoirs", "client": "Dave McPherson", "description": "Artwork and layout design for Dave McPherson’s 2nd album, Dreamoirs.", "price": "9.99", "tools": "Pen, Ink, Photoshop", "is_sold": true, "sale_type": "card", "image": "dreamoirs.jpg", "audio": ""}}, {"model": "store.product", "pk": 8, "fields": {"category": 1, "name": "Lady Luck", "client": "Dave McPherson", "description": "Music video for track, Lady Luck, which shows the entire design process for the Dreamoirs album artwork as a timelapse video", "price": "9.99", "tools": "Photoshop, Illustrator, After Effects", "is_sold": false, "sale_type": "card", "image": "lady-luck.jpg", "audio": ""}}, {"model": "store.product", "pk": 9, "fields": {"category": 1, "name": "The Hardship Diaries", "client": "Dave McPherson", "description": "Artwork for Dave McPherson’s debut album, The Hardship Diaries.", "price": "24.99", "tools": "Pen, Ink, Photoshop", "is_sold": true, "sale_type": "T-shirt", "image": "hardship.jpg", "audio": ""}}, {"model": "store.product", "pk": 10, "fields": {"category": 1, "name": "Pantheon", "client": "InMe", "description": "T-shirt design and single artwork for InMe’s Pantheon", "price": "19.99", "tools": "Pen, Ink, Photoshop", "is_sold": true, "sale_type": "T-shirt", "image": "pantheon.jpg", "audio": ""}}, {"model": "store.product", "pk": 11, "fields": {"category": 1, "name": "The Pride", "client": "InMe", "description": "Artwork and partial layout for InMe’s fifth album, The Pride.", "price": "9.99", "tools": "Pen, Ink, Photoshop", "is_sold": true, "sale_type": "card", "image": "pride.jpg", "audio": ""}}, {"model": "store.product", "pk": 12, "fields": {"category": 5, "name": "Beetle Pin", "client": "Personal", "description": "Pin design of the beetle logo.", "price": "6.99", "tools": "Pen, Ink, Photoshop", "is_sold": true, "sale_type": "Pin", "image": "beetle-pin.jpg", "audio": ""}}, {"model": "store.product", "pk": 13, "fields": {"category": 2, "name": "Bedford Custom Cables", "client": "Bedford Audio", "description": "Worked on creating packaging and branding for Bedford Custom Cables.", "price": "0.00", "tools": "Pen, Ink, Photoshop", "is_sold": false, "sale_type": "logo", "image": "bedford.png", "audio": ""}}, {"model": "store.product", "pk": 14, "fields": {"category": 3, "name": "Moth", "client": "The City Limits", "description": "Moth logo for 'The City Limits'", "price": "0.00", "tools": "Pen, Ink, Photoshop", "is_sold": false, "sale_type": "logo", "image": "moth.jpg", "audio": ""}}, {"model": "store.product", "pk": 15, "fields": {"category": 3, "name": "Festivile", "client": "Festivile (Sheffield Corporation)", "description": "Branding, laminate, poster and flyer design for Sheffield’s Annual Heavy Music Festival, FestiVILE", "price": "0.00", "tools": "Pen, Ink, Photoshop", "is_sold": false, "sale_type": "logo", "image": "festivile.png", "audio": ""}}, {"model": "store.product", "pk": 16, "fields": {"category": 4, "name": "Beetle Series", "client": "Personal", "description": "Series of Beetle illustrations.", "price": "8.99", "tools": "Pen, Ink, Photoshop", "is_sold": true, "sale_type": "card", "image": "beetle.jpg", "audio": ""}}, {"model": "store.product", "pk": 17, "fields": {"category": 4, "name": "Royal Beggers", "client": "Personal", "description": "Royal Beggers illustration.", "price": "8.99", "tools": "Photoshop, Illustrator", "is_sold": true, "sale_type": "card", "image": "royal-beggers.jpg", "audio": ""}}, {"model": "store.product", "pk": 18, "fields": {"category": 4, "name": "Gaming Weaponry", "client": "Personal", "description": "Series of Gaming Weaponry drawings in sticker form.", "price": "8.99", "tools": "Photoshop, Illustrator", "is_sold": true, "sale_type": "card", "image": "weaponry.jpg", "audio": ""}}, {"model": "store.product", "pk": 19, "fields": {"category": 4, "name": "Winter Stag", "client": "Personal/Sheffield Says", "description": "Winter stag stocking for the 18th day of Sheffield Says Christmas Countdown.", "price": "8.99", "tools": "Photoshop, Illustrator", "is_sold": true, "sale_type": "card", "image": "winter-stag.png", "audio": ""}}, {"model": "store.product", "pk": 20, "fields": {"category": 4, "name": "Red 74", "client": "Personal", "description": "Part of an open collaboration with Hydro74.", "price": "8.99", "tools": "Pen, Illustrator", "is_sold": true, "sale_type": "card", "image": "red-74.jpg", "audio": ""}}, {"model": "store.product", "pk": 21, "fields": {"category": 4, "name": "Fragile Script", "client": "Personal", "description": "Typography and promotion stop motion videos for social media.", "price": "8.99", "tools": "Pen, Illustrator", "is_sold": true, "sale_type": "card", "image": "fragile-script.jpg", "audio": ""}}, {"model": "store.product", "pk": 22, "fields": {"category": 4, "name": "Burning Bridge", "client": "Personal", "description": "Animation of my 365 piece Inflammable Bridge.", "price": "8.99", "tools": "Photoshop, Illustrator, After Effects", "is_sold": false, "sale_type": "card", "image": "burning-bridge.jpg", "audio": ""}}, {"model": "store.product", "pk": 23, "fields": {"category": 4, "name": "Beetle Deck", "client": "Personal", "description": "Beetle skate deck design", "price": "23.99", "tools": "Pen, Photoshop", "is_sold": true, "sale_type": "board", "image": "beetle-deck.jpg", "audio": ""}}, {"model": "store.product", "pk": 24, "fields": {"category": 6, "name": "Herald Moth Tee", "client": "Personal", "description": "T-shirt design for InMe reimagining of their fourth album, Herald Moth.", "price": "23.99", "tools": "Pen, Photoshop", "is_sold": true, "sale_type": "T-Shirt", "image": "herald-moth.jpg", "audio": ""}}, {"model": "store.product", "pk": 25, "fields": {"category": 6, "name": "Geometric Stag", "client": "Luna Kiss", "description": "T-shirt design for Luna Kiss.", "price": "23.99", "tools": "Pen, Ink, Illustrator, Photoshop", "is_sold": true, "sale_type": "T-Shirt", "image": "geometric-stag.jpg", "audio": ""}}, {"model": "store.product", "pk": 26, "fields": {"category": 6, "name": "Daydream Anonymous", "client": "InMe", "description": "T-shirt design for InMe reimagining of their third album, Daydream Anonymous.", "price": "23.99", "tools": "Pen, Ink, Illustrator, Photoshop", "is_sold": true, "sale_type": "T-Shirt", "image": "daydream-anonymous.jpg", "audio": ""}}, {"model": "store.product", "pk": 27, "fields": {"category": 6, "name": "InMe 20th Anniversary", "client": "InMe", "description": "T-shirt design for InMe combining all 7 albums for their 20th Anniversary.", "price": "23.99", "tools": "Pen, Ink, Illustrator, Photoshop", "is_sold": true, "sale_type": "T-Shirt", "image": "inme-anniversary.jpg", "audio": ""}}, {"model": "store.product", "pk": 28, "fields": {"category": 6, "name": "Overgrown Eden Song", "client": "InMe", "description": "Tee design based on the song titles from InMe’s Overgrown Eden.", "price": "23.99", "tools": "Pen, Ink, Photoshop", "is_sold": true, "sale_type": "T-Shirt", "image": "overgrown-song.jpg", "audio": ""}}, {"model": "store.product", "pk": 29, "fields": {"category": 6, "name": "Phoenix", "client": "InMe", "description": "T-shirt and poster design for InMe to coincide with their greatest hits album, Phoenix.", "price": "23.99", "tools": "Pen, Ink, Illustrator, Photoshop", "is_sold": true, "sale_type": "T-Shirt", "image": "phoenix.jpg", "audio": ""}}, {"model": "store.product", "pk": 30, "fields": {"category": 6, "name": "Drowning Sinking", "client": "Devil Sold His Soul", "description": "First eight colour design created for Devil Sold His Soul.\nBased on a selection of lyrics taken from the track Drowning / Sinking off of their album, Blessed & Cursed.", "price": "23.99", "tools": "Pen, Ink, Illustrator, Photoshop", "is_sold": true, "sale_type": "T-Shirt", "image": "drowning.jpg", "audio": ""}}, {"model": "store.product", "pk": 31, "fields": {"category": 6, "name": "Take Over Crest", "client": "Take Over Clothing", "description": "Tee design for Take Over Clothing.", "price": "23.99", "tools": "Pen, Ink, Photoshop", "is_sold": true, "sale_type": "T-Shirt", "image": "takeover.jpg", "audio": ""}}, {"model": "store.product", "pk": 32, "fields": {"category": 6, "name": "Take Over Crest", "client": "Take Over Clothing", "description": "Tee design for Take Over Clothing.", "price": "23.99", "tools": "Pen, Ink, Photoshop", "is_sold": true, "sale_type": "T-Shirt", "image": "takeover.jpg", "audio": ""}}, {"model": "store.product", "pk": 33, "fields": {"category": 2, "name": "Minna", "client": "fyi", "description": "gmfgmf", "price": "25.00", "tools": "ieriri", "is_sold": true, "sale_type": "fmkjfk", "image": "hardship_RrzYpJB.jpg", "audio": "media/Inspelning_4_oToS8KG.m4a"}}, {"model": "store.product", "pk": 37, "fields": {"category": 2, "name": "Wisam Altaqaly", "client": "wrwr", "description": "rwrwr", "price": "0.02", "tools": "wrrwr", "is_sold": true, "sale_type": "Sneakers", "image": "", "audio": ""}}, {"model": "store.product", "pk": 38, "fields": {"category": 4, "name": "Anna", "client": "dgndt", "description": "tthet", "price": "10.00", "tools": "fef", "is_sold": true, "sale_type": "Sneakers", "image": "262870718_10159588585198917_5699090355574306061_n.jpg", "audio": ""}}, {"model": "clients.client", "pk": 1, "fields": {"name": "bedford_audio", "friendly_name": "Bedford Custom Audio", "business_type": "Custom Audio Solutions", "description": "Bespoke guitar set up, repairs & custom cable solutions. Working with both Professional and private clients based in Sheffield, UK", "image": "bedford.png"}}, {"model": "clients.client", "pk": 2, "fields": {"name": "arkaik_clothing", "friendly_name": "ArkAik Clothing", "business_type": "Clothing Brand", "description": "Indie Lifestyle and Music Inspired Brand. Founded in 2006. Leave Your Legacy.", "image": "arkaik.png"}}, {"model": "clients.client", "pk": 3, "fields": {"name": "collate", "friendly_name": "Collate London.", "business_type": "PR", "description": "Brand engagement, PR, & communications firm based in London, UK", "image": "collate.png"}}, {"model": "clients.client", "pk": 4, "fields": {"name": "festivile", "friendly_name": "Festivile", "business_type": "Music Festival", "description": "All day festival hosted annually in Sheffield Corporation, UK", "image": "festivile.png"}}, {"model": "clients.client", "pk": 5, "fields": {"name": "inme", "friendly_name": "InMe", "business_type": "Band", "description": "InMe are an English rock band from Brentwood, Essex, formed in 1996. Inme has released six studio albums, two EPs, one 'bootleg' album, one best-of compilation, one live album, one live EP and an acoustic album", "image": "inme.png"}}, {"model": "clients.client", "pk": 6, "fields": {"name": "acoda", "friendly_name": "Acoda", "business_type": "Band", "description": "ACODA are a Four-piece alternative metal band from Corby, Northamptonshire, United Kingdom. Formed in 2008, the band consists of vocalist/guitarist Damon Tang, bassist/vocalist Stephen Crook, guitarist/vocalist Jake Crawford and drummer/vocalist Jay Russell. The band are known for their energetic and emotive live showsand blending the musical influences of rock, metal, punk rock, progressive metal and post-hardcore.", "image": "acoda.png"}}, {"model": "clients.client", "pk": 7, "fields": {"name": "devil_sold", "friendly_name": "Devil Sold His Soul", "business_type": "Band", "description": "Devil Sold His Soul are an ambient influenced metalcore band from London, formed in 2004 and signed to Basick Records. Three members of the band used to be in Mahumodo. They released their debut studio album A Fragile Hope on 18 June 2007, after the release of their debut EP Darkness Prevails", "image": "devil-sold.png"}}, {"model": "clients.client", "pk": 8, "fields": {"name": "fei_comodo", "friendly_name": "Fei Comodo", "business_type": "Band", "description": "Fei Comodo were a 5-piece post-hardcore band from Essex, United Kingdom. They were signed to Small Town Records and developed a strong fanbase since their formation through playing many live shows across the country. They released five EPs, two singles, and one studio mini album. Renowned for an energetic live show the band completed several UK tours with other hardcore and metalcore bands from the South East, such as InMe and Bury Tomorrow.", "image": "fei-comodo.png"}}, {"model": "clients.client", "pk": 9, "fields": {"name": "Wisam", "friendly_name": "Clothes for Gentles", "business_type": "Fashion", "description": "adxD", "image": ""}}]